prompt,output_file,status,timestamp
germline trio variant calling with BWA-MEM2 alignment GATK4 HaplotypeCaller per-sample GVCF calling joint genotyping across mother father and proband VQSR filtering DeNovoGear de novo variant detection and SnpEff functional annotation,hard_results/hard_10_trio_wgs.json,PASSED,2026-03-01 20:42:24
paired-end RNA-seq with UMI deduplication using UMI-tools followed by STAR alignment featureCounts quantification and DESeq2 differential expression with batch correction using limma,hard_results/hard_01_umi_batch.json,PASSED,2026-03-01 20:46:54
single-end and paired-end mixed ATAC-seq cohort with automatic detection of library type Bowtie2 alignment mitochondrial read filtering Picard duplicate removal MACS2 peak calling IDR reproducibility filtering and DiffBind differential accessibility,hard_results/hard_02_mixed_atac.json,PASSED,2026-03-01 20:46:54
whole genome sequencing tumor-normal paired somatic variant calling with BWA-MEM2 alignment GATK4 Mutect2 somatic SNV calling Manta structural variant detection CNVkit copy number analysis and VEP variant annotation,hard_results/hard_03_tumor_normal_wgs.json,PASSED,2026-03-01 20:46:54
single-cell RNA-seq with Cell Ranger alignment ambient RNA removal using SoupX doublet detection with scDblFinder Seurat clustering cell type annotation with SingleR and trajectory analysis with Monocle3,hard_results/hard_04_scrna_full.json,PASSED,2026-03-01 20:46:54
paired-end ChIP-seq for three histone marks H3K4me3 H3K27ac and H3K27me3 with Bowtie2 alignment Picard duplicate marking MACS2 narrow and broad peak calling IDR filtering deepTools bigWig generation and ChIPseeker annotation,hard_results/hard_05_multihiston_chip.json,PASSED,2026-03-01 20:46:54
bulk RNA-seq with both STAR featureCounts and salmon alevin quantification paths running in parallel followed by DESeq2 on featureCounts output and tximeta DESeq2 on salmon output with comparison of both results using MultiQC,hard_results/hard_06_dual_quant.json,PASSED,2026-03-01 20:46:54
long-read Oxford Nanopore RNA-seq with minimap2 splice-aware alignment featureCounts quantification DESeq2 differential expression and comparison against short-read Illumina results using the same sample set,hard_results/hard_07_nanopore_rnaseq.json,PASSED,2026-03-01 20:46:54
ATAC-seq and RNA-seq multi-omics integration on matched samples with separate preprocessing pipelines followed by chromatin accessibility peak annotation overlapping differentially expressed genes and transcription factor motif enrichment at open chromatin regions near DEGs,hard_results/hard_08_multiomics_atac_rna.json,FAILED,2026-03-01 20:46:54
bisulfite sequencing whole genome methylation analysis with Bismark alignment deduplication methylation extraction DMR calling using DSS CpG island annotation and integration with RNA-seq gene expression data from matched samples,hard_results/hard_09_wgbs_rnaseq.json,PASSED,2026-03-01 20:46:54
germline trio variant calling with BWA-MEM2 alignment GATK4 HaplotypeCaller per-sample GVCF calling joint genotyping across mother father and proband VQSR filtering DeNovoGear de novo variant detection and SnpEff functional annotation,hard_results/hard_10_trio_wgs.json,PASSED,2026-03-01 20:46:54
